<?xml version="1.0" encoding="UTF-8"?>
<project-private xmlns="http://www.netbeans.org/ns/project-private/1">
    <editor-bookmarks xmlns="http://www.netbeans.org/ns/editor-bookmarks/2" lastBookmarkId="0"/>
    <open-files xmlns="http://www.netbeans.org/ns/projectui-open-files/2">
        <group>
            <file>file:/C:/wamp64f/www/GSB_AppliFrais/vues/v_listeMois.php</file>
            <file>file:/C:/wamp64f/www/GSB_AppliFrais/controleurs/c_suivrePaiment.php</file>
            <file>file:/C:/wamp64f/www/GSB_AppliFrais/vues/v_listeVisiteur.php</file>
            <file>file:/C:/wamp64f/www/GSB_AppliFrais/vues/v_etatFrais.php</file>
            <file>file:/C:/wamp64f/www/GSB_AppliFrais/controleurs/c_corriger_frais.php</file>
            <file>file:/C:/wamp64f/www/GSB_AppliFrais/index.php</file>
            <file>file:/C:/wamp64f/www/GSB_AppliFrais/controleurs/c_etatFrais.php</file>
            <file>file:/C:/wamp64f/www/GSB_AppliFrais/vues/v_mois.php</file>
            <file>file:/C:/wamp64f/www/GSB_AppliFrais/vues/v_entete.php</file>
            <file>file:/C:/wamp64f/www/GSB_AppliFrais/controleurs/c_validerFrais.php</file>
            <file>file:/C:/wamp64f/www/GSB_AppliFrais/includes/class.pdogsb.inc.php</file>
            <file>file:/C:/wamp64f/www/GSB_AppliFrais/vues/v_accueil.php</file>
        </group>
    </open-files>
</project-private>
